value,P_S_mean,param
0.5,0.39298814441730745,AD Density
1.0,0.3758781518978325,AD Density
2.0,0.37859878310967343,AD Density
5.0,0.3770446821218836,AD Density
0.0,0.3778385180876239,Wind Speed
15.0,0.37605850509024913,Wind Speed
30.0,0.26421581257707794,Wind Speed
45.0,0.20724062967109558,Wind Speed
