parameter,P_S_range,relative_sensitivity,min_P_S,max_P_S
guidance,0.24226569194431796,0.7040014843145426,0.101860985828531,0.34412667777284894
wind,0.06882533555456971,0.19999999999999976,0.27530134221827923,0.34412667777284894
range,0.03784276479263482,0.10996754171327008,0.3225022407484862,0.36034500554112103
rcs,0.020130480275271867,0.05849729641873214,0.34412667777284894,0.3642571580481208
ad_density,0.019295868089577894,0.056071991321506046,0.34412667777284894,0.36342254586242684
fpv_count,0.003754242538951791,0.010909478344570223,0.3417802761860041,0.3455345187249559
altitude,0.0,0.0,0.34412667777284894,0.34412667777284894
