parameter,P_S_range,relative_sensitivity,min_P_S,max_P_S
guidance,0.24075276005181206,0.6996050454731908,0.10179982205976675,0.3425525821115788
wind,0.06909023988003643,0.20076978723992303,0.274566775549855,0.3436570154298914
range,0.04095822310635522,0.11902077273239163,0.3193867824347658,0.36034500554112103
ad_density,0.01936208743009543,0.05626441854320854,0.3417654200880986,0.36112750751819406
rcs,0.018908665719097772,0.05494681737978768,0.34256648387855615,0.3614751495976539
fpv_count,0.005167504512012644,0.015016285704602098,0.33895346430325896,0.3441209688152716
altitude,0.001707720005183988,0.00496247491254142,0.3409390127405908,0.3426467327457748
