parameter,P_S_range,relative_sensitivity,min_P_S,max_P_S
guidance,0.24075276005181206,0.6335598948731896,0.10179982205976675,0.3425525821115788
wind,0.13773193376750018,0.3624524572828952,0.20592508166239124,0.3436570154298914
ad_density,0.01936208743009543,0.05095286165814587,0.3417654200880986,0.36112750751819406
fpv_count,0.005167504512012644,0.0135986960842438,0.33895346430325896,0.3441209688152716
range,0.0030980665318518508,0.008152806662768028,0.3410286112409971,0.34412667777284894
altitude,0.001707720005183988,0.004494000013642073,0.3409390127405908,0.3426467327457748
