mean,std,ci_lower,ci_upper,E_K_mean,P_survival_mean,scenario
0.39633272436979516,0.09502185892798555,0.21012329608161096,0.5822326860918493,1.4416620441779113,0.8313062024252502,Low Threat
0.3758781518978325,0.0930683332962557,0.19913959931802303,0.5580977674163448,1.361025007333094,0.7999610664565061,Medium Threat
0.27790761738901554,0.06837137667283726,0.14892149495645624,0.41247115318710986,1.012464860944877,0.7986945752501851,High Threat
