scenario,mean,median,std,ci_lower,ci_upper,q1,q3,iqr,E_K_mean,E_K_ci_lower,E_K_ci_upper,P_survival_mean,P_survival_ci_lower,P_survival_ci_upper,efficiency_mean
Low Threat,0.39633272436979516,0.39548104814738627,0.09502185892798555,0.21012329608161096,0.5822326860918493,0.33074821052503645,0.4623366075163699,0.13158839699133346,1.4416620441779113,0.4340876228855209,2.589002347486338,0.8313062024252502,0.7024178346421789,0.932372860959936,0.2883324088355823
Medium Threat,0.3758781518978325,0.37408543220473983,0.0930683332962557,0.19913959931802303,0.5580977674163448,0.3109321076244457,0.4404924851728831,0.1295603775484374,1.361025007333094,0.41383868701725546,2.4669670424516106,0.7999610664565061,0.6494382319541738,0.9195468622288496,0.2722050014666188
High Threat,0.2768506971244419,0.2753740229142585,0.0687500550037945,0.1453201999277319,0.4132033720847037,0.22834080542251955,0.32513433012118464,0.09679352469866509,1.0064068186870845,0.2996863397100465,1.822915492401292,0.7995525460961694,0.6474438962114539,0.9189465453822541,0.2012813637374169
