scenario,mean,median,std,ci_lower,ci_upper,q1,q3,iqr,E_K_mean,E_K_ci_lower,E_K_ci_upper,P_survival_mean,P_survival_ci_lower,P_survival_ci_upper,efficiency_mean,T_transit_mean,T_deployment_mean,T_total_exposure_mean
Permissive Environment (Minimal A2/AD),0.3665155036995538,0.3640535103732614,0.09303650788261646,0.18910561491302014,0.550695609304173,0.3008807413378787,0.43042311475217676,0.12954237341429808,1.333125122337379,0.39453384314365975,2.4336122127582827,0.7687882810440477,0.5921338841605704,0.9073102432316882,0.26662502446747577,34.56,2.5,37.06
Contested A2/AD Environment,0.3410286112409971,0.3378491366371358,0.09170867034122851,0.1719610115056982,0.5263132701384203,0.2756192700422428,0.40338761620852037,0.12776834616627758,1.2347215783236039,0.3656093274155016,2.304306189062436,0.7258266376852873,0.5195200407163907,0.8897309293708613,0.24694431566472075,34.56,2.5,37.06
Denied A2/AD Environment,0.251164595142052,0.24836186408185668,0.0679339157231043,0.12648598117678353,0.38932460392273777,0.20286514388929644,0.29786546691745014,0.0950003230281537,0.9131008126105001,0.26769416652571404,1.7051147040824435,0.7252667196794097,0.5167866041474187,0.8889081351009174,0.18262016252210006,34.56,2.5,37.06
